episode,step,reward,cumulative_reward,loss,epsilon
1,1,14.67,14.67,1.2543,0.98
1,2,12.75,27.42,1.2242,0.9604
1,3,2.3,29.71,1.1846,0.9412
1,4,11.26,40.97,1.1136,0.9224
1,5,17.52,58.49,1.1526,0.9039
1,6,17.21,75.7,1.0807,0.8858
1,7,18.99,94.69,1.0778,0.8681
1,8,7.88,102.57,1.0344,0.8508
1,9,2.96,105.53,1.0404,0.8337
1,10,11.57,117.1,1.0729,0.8171
1,11,4.7,121.79,0.9973,0.8007
1,12,13.47,135.26,0.9813,0.7847
1,13,3.69,138.96,0.998,0.769
1,14,7.08,146.04,0.9745,0.7536
1,15,22.38,168.42,0.9162,0.7386
1,16,24.07,192.49,0.965,0.7238
1,17,24.04,216.53,0.9077,0.7093
1,18,22.21,238.74,0.8967,0.6951
1,19,22.91,261.65,0.9006,0.6812
1,20,10.69,272.34,0.8507,0.6676
1,21,18.42,290.76,0.8699,0.6543
1,22,11.62,302.38,0.7805,0.6412
1,23,31.15,333.53,0.8411,0.6283
1,24,21.45,354.98,0.7818,0.6158
1,25,23.2,378.18,0.7736,0.6035
1,26,35.15,413.33,0.7531,0.5914
1,27,34.46,447.79,0.7717,0.5796
1,28,28.0,475.79,0.7813,0.568
1,29,20.47,496.26,0.7052,0.5566
1,30,35.38,531.64,0.7577,0.5455
1,31,37.51,569.15,0.7296,0.5346
1,32,20.68,589.82,0.6773,0.5239
1,33,40.73,630.55,0.6399,0.5134
1,34,41.9,672.46,0.6153,0.5031
1,35,35.01,707.47,0.6645,0.4931
1,36,32.88,740.34,0.6503,0.4832
1,37,22.65,763.0,0.6644,0.4735
1,38,28.23,791.23,0.6031,0.4641
1,39,41.44,832.67,0.6478,0.4548
1,40,35.52,868.19,0.5819,0.4457
1,41,46.07,914.26,0.5621,0.4368
1,42,24.93,939.19,0.6157,0.4281
1,43,25.13,964.32,0.6058,0.4195
1,44,28.04,992.36,0.525,0.4111
1,45,44.8,1037.16,0.5662,0.4029
1,46,41.3,1078.46,0.5449,0.3948
1,47,41.26,1119.72,0.5059,0.3869
1,48,45.22,1164.94,0.5115,0.3792
1,49,45.73,1210.67,0.5335,0.3716
1,50,53.81,1264.48,0.5282,0.3642
1,51,38.72,1303.2,0.472,0.3569
1,52,54.9,1358.1,0.4385,0.3497
1,53,32.7,1390.79,0.5078,0.3428
1,54,36.68,1427.47,0.4599,0.3359
1,55,46.76,1474.23,0.4219,0.3292
1,56,42.17,1516.41,0.4875,0.3226
1,57,58.57,1574.97,0.3886,0.3161
1,58,38.28,1613.25,0.413,0.3098
1,59,54.33,1667.58,0.4439,0.3036
1,60,50.58,1718.15,0.4168,0.2976
1,61,43.64,1761.8,0.4231,0.2916
1,62,57.96,1819.76,0.3898,0.2858
1,63,59.77,1879.53,0.3994,0.2801
1,64,56.17,1935.7,0.36,0.2745
1,65,60.04,1995.74,0.3631,0.269
1,66,56.25,2051.99,0.361,0.2636
1,67,48.01,2100.0,0.3921,0.2583
1,68,56.88,2156.88,0.3282,0.2531
1,69,59.01,2215.89,0.3392,0.2481
1,70,58.62,2274.51,0.3667,0.2431
1,71,58.8,2333.31,0.3791,0.2383
1,72,70.86,2404.17,0.2861,0.2335
1,73,69.39,2473.56,0.3069,0.2288
1,74,52.56,2526.11,0.3455,0.2242
1,75,67.62,2593.73,0.2678,0.2198
1,76,57.81,2651.54,0.3577,0.2154
1,77,63.68,2715.23,0.3397,0.2111
1,78,70.04,2785.27,0.3227,0.2068
1,79,69.62,2854.89,0.3264,0.2027
1,80,72.83,2927.71,0.256,0.1986
2,1,13.38,13.38,1.184,0.294
2,2,12.81,26.19,1.2026,0.2881
2,3,-2.2,24.0,1.2276,0.2824
2,4,5.99,29.98,1.1908,0.2767
2,5,5.78,35.77,1.1567,0.2712
2,6,18.04,53.81,1.1125,0.2658
2,7,19.35,73.16,1.0666,0.2604
2,8,5.04,78.2,1.1131,0.2552
2,9,0.88,79.08,1.0513,0.2501
2,10,20.94,100.03,0.9872,0.2451
2,11,7.35,107.37,1.0339,0.2402
2,12,3.58,110.95,0.9937,0.2354
2,13,12.3,123.26,0.9791,0.2307
2,14,11.28,134.54,0.9235,0.2261
2,15,2.79,137.32,0.8943,0.2216
2,16,10.8,148.12,0.8809,0.2171
2,17,13.1,161.23,0.8825,0.2128
2,18,20.43,181.66,0.871,0.2085
2,19,19.38,201.04,0.8402,0.2044
2,20,10.47,211.51,0.8477,0.2003
2,21,30.69,242.21,0.8211,0.1963
2,22,8.69,250.89,0.7755,0.1924
2,23,13.96,264.85,0.8567,0.1885
2,24,20.79,285.64,0.836,0.1847
2,25,18.16,303.8,0.7299,0.181
2,26,24.09,327.88,0.7209,0.1774
2,27,21.39,349.28,0.7529,0.1739
2,28,32.49,381.77,0.7289,0.1704
2,29,24.93,406.7,0.7546,0.167
2,30,17.02,423.73,0.7415,0.1636
2,31,18.59,442.31,0.7105,0.1604
2,32,21.67,463.98,0.7209,0.1572
2,33,30.87,494.85,0.6738,0.154
2,34,19.65,514.5,0.6412,0.1509
2,35,34.96,549.46,0.6937,0.1479
2,36,42.36,591.82,0.6177,0.145
2,37,40.93,632.74,0.6249,0.1421
2,38,23.63,656.37,0.5979,0.1392
2,39,24.6,680.97,0.5763,0.1364
2,40,40.17,721.14,0.5443,0.1337
2,41,42.61,763.74,0.6252,0.131
2,42,46.22,809.97,0.5947,0.1284
2,43,47.44,857.4,0.5183,0.1258
2,44,34.31,891.71,0.5308,0.1233
2,45,39.89,931.61,0.5184,0.1209
2,46,35.71,967.32,0.4934,0.1184
2,47,48.1,1015.42,0.5393,0.1161
2,48,34.91,1050.33,0.5421,0.1138
2,49,36.68,1087.02,0.5044,0.1115
2,50,42.03,1129.04,0.4922,0.1093
2,51,39.97,1169.01,0.4585,0.1071
2,52,33.68,1202.69,0.5179,0.1049
2,53,52.86,1255.55,0.5004,0.1028
2,54,48.33,1303.88,0.471,0.1008
2,55,47.52,1351.41,0.4735,0.0988
2,56,53.66,1405.07,0.4775,0.0968
2,57,44.02,1449.09,0.4654,0.0948
2,58,46.3,1495.39,0.4659,0.0929
2,59,60.24,1555.63,0.371,0.0911
2,60,46.76,1602.4,0.3867,0.0893
2,61,45.48,1647.88,0.4486,0.0875
2,62,47.82,1695.7,0.3763,0.0857
2,63,57.77,1753.47,0.3895,0.084
2,64,46.46,1799.93,0.4184,0.0823
2,65,54.53,1854.46,0.3429,0.0807
2,66,58.01,1912.47,0.384,0.0791
2,67,66.62,1979.09,0.3334,0.0775
2,68,58.09,2037.18,0.4059,0.0759
2,69,48.97,2086.15,0.3042,0.0744
2,70,70.28,2156.44,0.309,0.0729
2,71,65.5,2221.94,0.3321,0.0715
2,72,72.24,2294.18,0.2967,0.07
2,73,56.66,2350.84,0.3348,0.0686
2,74,66.89,2417.73,0.3468,0.0673
2,75,58.16,2475.88,0.3325,0.0659
2,76,62.22,2538.1,0.3252,0.0646
2,77,67.47,2605.57,0.3455,0.0633
2,78,58.25,2663.83,0.2898,0.0621
2,79,71.79,2735.62,0.2766,0.0608
2,80,76.82,2812.43,0.2918,0.0596
