episode,total_steps,ep_steps,ep_reward,cumul_reward_at_end,policy_loss,value_loss,entropy,total_loss,update_count
0,60,60,-86.3,-86.3,0,0,0,0,0
1,161,101,-106.93,-106.93,0,0,0,0,0
2,315,154,-171.82,-171.82,0.835478,354.361252,2.837877,177.987725,1
3,385,70,-84.91,-84.91,0.835478,354.361252,2.837877,177.987725,1
4,469,84,-128.46,-128.46,0.835478,354.361252,2.837877,177.987725,1
5,549,80,-122.34,-122.34,3.476581,461.234684,2.837877,234.065544,2
6,630,81,-94.6,-94.6,3.476581,461.234684,2.837877,234.065544,2
7,723,93,-126.44,-126.44,3.476581,461.234684,2.837877,234.065544,2
8,808,85,-142.92,-142.92,1.257063,473.631041,2.837877,238.044204,3
9,983,175,-195.45,-195.45,1.257063,473.631041,2.837877,238.044204,3
10,1164,181,-169.63,-169.63,1.561547,364.74366,2.837877,183.904999,4
11,1351,187,-215.27,-215.27,0.440551,251.836809,2.837877,126.330577,5
12,1527,176,-165.92,-165.92,0.440551,251.836809,2.837877,126.330577,5
13,1733,206,-202.21,-202.21,1.889639,328.775948,2.837877,166.249234,6
14,1905,172,-211.49,-211.49,0.688835,261.206125,2.837877,131.263519,7
15,2099,194,-207.25,-207.25,0.185227,237.750989,2.837877,119.032343,8
16,2114,15,-75.0,-75.0,0.185227,237.750989,2.837877,119.032343,8
17,2358,244,-184.56,-184.56,0.34121,251.597034,2.837877,126.111347,9
18,2584,226,-158.02,-158.02,0.249211,158.742769,2.837877,79.592217,10
19,2821,237,-225.01,-225.01,0.728452,292.558856,2.837877,146.979501,11
20,2836,15,-75.0,-75.0,0.728452,292.558856,2.837877,146.979501,11
21,3116,280,-232.46,-232.46,0.179428,130.181328,2.837877,65.241713,12
22,3341,225,-105.17,-105.17,0.217833,124.436849,2.837877,62.407878,13
23,3515,174,-203.32,-203.32,0.217833,124.436849,2.837877,62.407878,13
24,3530,15,-75.0,-75.0,0.217833,124.436849,2.837877,62.407878,13
25,3718,188,-116.37,-116.37,0.232612,251.919913,2.837877,126.16419,14
26,3875,157,-183.7,-183.7,0.251972,121.417789,2.837877,60.932488,15
27,4137,262,-252.58,-252.58,0.218541,216.510706,2.837877,108.445515,16
28,4347,210,-186.28,-186.28,0.218541,216.510706,2.837877,108.445515,16
29,4447,100,-142.65,-142.65,0.250439,186.728681,2.837877,93.5864,17
30,4712,265,-228.17,-228.17,0.201745,145.087019,2.837877,72.716876,18
31,4775,63,-80.24,-80.24,0.201745,145.087019,2.837877,72.716876,18
32,4837,62,-92.51,-92.51,0.201745,145.087019,2.837877,72.716876,18
33,5013,176,-183.87,-183.87,0.270248,219.590087,2.837877,110.036913,19
34,5207,194,-157.79,-157.79,0.384222,108.137058,2.837877,54.424373,20
35,5356,149,-119.21,-119.21,0.384222,108.137058,2.837877,54.424373,20
36,5635,279,-246.52,-246.52,0.232742,120.501911,2.837877,60.455319,22
37,5894,259,-201.62,-201.62,0.270614,87.502457,2.837877,43.993463,23
38,6165,271,-203.02,-203.02,0.348891,57.023069,2.837877,28.832047,24
39,6670,505,-250.18,-250.18,0.363896,32.085584,2.837877,16.378309,26
40,6811,141,-150.06,-150.06,0.363896,32.085584,2.837877,16.378309,26
41,6872,61,-97.57,-97.57,0.363896,32.085584,2.837877,16.378309,26
42,7044,172,-189.86,-189.86,0.25153,169.671398,2.837877,85.058851,27
43,7130,86,-140.55,-140.55,0.25153,169.671398,2.837877,85.058851,27
44,7320,190,-177.39,-177.39,0.312419,187.612229,2.837877,94.090155,28
45,7381,61,-110.32,-110.32,0.312419,187.612229,2.837877,94.090155,28
46,7463,82,-127.97,-127.97,0.274835,144.2773,2.837877,72.385107,29
47,7593,130,-124.34,-124.34,0.274835,144.2773,2.837877,72.385107,29
48,7769,176,-187.32,-187.32,0.291795,147.763008,2.837877,74.14492,30
49,7897,128,-102.19,-102.19,0.291795,147.763008,2.837877,74.14492,30
50,7912,15,-75.0,-75.0,0.291795,147.763008,2.837877,74.14492,30
51,8063,151,-178.62,-178.62,0.293405,135.251478,2.837877,67.890765,31
52,8160,97,-150.56,-150.56,0.293405,135.251478,2.837877,67.890765,31
53,8175,15,-75.0,-75.0,0.293405,135.251478,2.837877,67.890765,31
54,8360,185,-185.54,-185.54,0.261437,165.350836,2.837877,82.908476,32
55,8614,254,-216.02,-216.02,0.23637,66.18217,2.837877,33.299076,33
56,8742,128,-164.67,-164.67,0.223387,79.919232,2.837877,40.154625,34
57,8865,123,-159.35,-159.35,0.223387,79.919232,2.837877,40.154625,34
58,8968,103,-105.52,-105.52,0.304231,153.30737,2.837877,76.929537,35
59,9195,227,-203.73,-203.73,0.304231,153.30737,2.837877,76.929537,35
60,9411,216,-180.69,-180.69,0.258421,73.450822,2.837877,36.955453,36
61,9751,340,-179.35,-179.35,0.357291,22.872992,2.837877,11.765409,38
62,10011,260,-136.38,-136.38,0.307141,73.235661,2.837877,36.896592,39
63,10026,15,-75.0,-75.0,0.307141,73.235661,2.837877,36.896592,39
64,10041,15,-75.0,-75.0,0.307141,73.235661,2.837877,36.896592,39
65,10103,62,-108.82,-108.82,0.307141,73.235661,2.837877,36.896592,39
66,10164,61,-83.55,-83.55,0.307141,73.235661,2.837877,36.896592,39
67,10414,250,-223.05,-223.05,0.279671,184.8335,2.837877,92.668042,40
68,10540,126,-97.26,-97.26,0.275129,101.51406,2.837877,51.003781,41
69,10555,15,-75.0,-75.0,0.275129,101.51406,2.837877,51.003781,41
70,10570,15,-75.0,-75.0,0.275129,101.51406,2.837877,51.003781,41
71,10585,15,-75.0,-75.0,0.275129,101.51406,2.837877,51.003781,41
72,10600,15,-75.0,-75.0,0.275129,101.51406,2.837877,51.003781,41
73,10615,15,-75.0,-75.0,0.275129,101.51406,2.837877,51.003781,41
74,10716,101,-121.03,-121.03,0.275129,101.51406,2.837877,51.003781,41
75,10923,207,-152.14,-152.14,0.277416,205.355895,2.837877,102.926985,42
76,10971,48,-89.55,-89.55,0.277416,205.355895,2.837877,102.926985,42
77,11058,87,-89.57,-89.57,0.295938,208.740847,2.837877,104.637983,43
78,11176,118,-92.74,-92.74,0.295938,208.740847,2.837877,104.637983,43
79,11191,15,-75.0,-75.0,0.295938,208.740847,2.837877,104.637983,43
80,11309,118,-136.29,-136.29,0.285184,141.515771,2.837877,71.014691,44
81,11378,69,-104.95,-104.95,0.285184,141.515771,2.837877,71.014691,44
82,11505,127,-142.24,-142.24,0.285184,141.515771,2.837877,71.014691,44
83,11571,66,-120.48,-120.48,0.255973,160.969953,2.837877,80.71257,45
84,11650,79,-120.25,-120.25,0.255973,160.969953,2.837877,80.71257,45
85,11766,116,-115.72,-115.72,0.255973,160.969953,2.837877,80.71257,45
86,11859,93,-95.89,-95.89,0.237609,143.137744,2.837877,71.778102,46
87,11968,109,-80.34,-80.34,0.237609,143.137744,2.837877,71.778102,46
88,12068,100,-133.49,-133.49,0.279553,93.269732,2.837877,46.886041,47
89,12133,65,-79.48,-79.48,0.279553,93.269732,2.837877,46.886041,47
90,12197,64,-83.99,-83.99,0.279553,93.269732,2.837877,46.886041,47
91,12229,32,-76.51,-76.51,0.279553,93.269732,2.837877,46.886041,47
92,12288,59,-139.23,-139.23,0.25077,228.386771,2.837877,114.415777,48
93,12318,30,-97.23,-97.23,0.25077,228.386771,2.837877,114.415777,48
94,12333,15,-75.0,-75.0,0.25077,228.386771,2.837877,114.415777,48
95,12381,48,-88.66,-88.66,0.25077,228.386771,2.837877,114.415777,48
96,12396,15,-75.0,-75.0,0.25077,228.386771,2.837877,114.415777,48
97,12411,15,-75.0,-75.0,0.25077,228.386771,2.837877,114.415777,48
98,12441,30,-81.67,-81.67,0.25077,228.386771,2.837877,114.415777,48
99,12456,15,-75.0,-75.0,0.25077,228.386771,2.837877,114.415777,48
100,12490,34,-111.94,-111.94,0.25077,228.386771,2.837877,114.415777,48
101,12505,15,-75.0,-75.0,0.25077,228.386771,2.837877,114.415777,48
102,12520,15,-75.0,-75.0,0.25077,228.386771,2.837877,114.415777,48
103,12535,15,-75.0,-75.0,0.25077,228.386771,2.837877,114.415777,48
104,12592,57,-79.09,-79.09,0.297624,362.552362,2.837877,181.545426,49
105,12639,47,-125.88,-125.88,0.297624,362.552362,2.837877,181.545426,49
106,12654,15,-75.0,-75.0,0.297624,362.552362,2.837877,181.545426,49
107,12669,15,-75.0,-75.0,0.297624,362.552362,2.837877,181.545426,49
108,12692,23,-93.81,-93.81,0.297624,362.552362,2.837877,181.545426,49
109,12732,40,-75.95,-75.95,0.297624,362.552362,2.837877,181.545426,49
110,12747,15,-75.0,-75.0,0.297624,362.552362,2.837877,181.545426,49
111,12762,15,-75.0,-75.0,0.297624,362.552362,2.837877,181.545426,49
112,12777,15,-75.0,-75.0,0.297624,362.552362,2.837877,181.545426,49
113,12792,15,-75.0,-75.0,0.297624,362.552362,2.837877,181.545426,49
114,12827,35,-76.69,-76.69,0.247998,332.366079,2.837877,166.402659,50
115,12842,15,-75.0,-75.0,0.247998,332.366079,2.837877,166.402659,50
116,12865,23,-83.27,-83.27,0.247998,332.366079,2.837877,166.402659,50
117,12906,41,-106.24,-106.24,0.247998,332.366079,2.837877,166.402659,50
118,12945,39,-83.3,-83.3,0.247998,332.366079,2.837877,166.402659,50
119,12975,30,-77.63,-77.63,0.247998,332.366079,2.837877,166.402659,50
120,13002,27,-92.69,-92.69,0.247998,332.366079,2.837877,166.402659,50
121,13027,25,-77.52,-77.52,0.247998,332.366079,2.837877,166.402659,50
122,13042,15,-75.0,-75.0,0.247998,332.366079,2.837877,166.402659,50
123,13057,15,-75.0,-75.0,0.355386,371.522816,2.837877,186.088415,51
124,13088,31,-86.45,-86.45,0.355386,371.522816,2.837877,186.088415,51
125,13122,34,-138.45,-138.45,0.355386,371.522816,2.837877,186.088415,51
126,13169,47,-100.51,-100.51,0.355386,371.522816,2.837877,186.088415,51
127,13184,15,-75.0,-75.0,0.355386,371.522816,2.837877,186.088415,51
128,13233,49,-75.16,-75.16,0.355386,371.522816,2.837877,186.088415,51
129,13301,68,-122.05,-122.05,0.355386,371.522816,2.837877,186.088415,51
130,13349,48,-75.39,-75.39,0.272119,297.435067,2.837877,148.961274,52
131,13389,40,-76.26,-76.26,0.272119,297.435067,2.837877,148.961274,52
132,13465,76,-90.29,-90.29,0.272119,297.435067,2.837877,148.961274,52
133,13502,37,-137.54,-137.54,0.272119,297.435067,2.837877,148.961274,52
134,13588,86,-154.95,-154.95,0.245031,248.033295,2.837877,124.233299,53
135,13677,89,-127.03,-127.03,0.245031,248.033295,2.837877,124.233299,53
136,13692,15,-75.0,-75.0,0.245031,248.033295,2.837877,124.233299,53
137,13754,62,-118.15,-118.15,0.245031,248.033295,2.837877,124.233299,53
138,13769,15,-75.0,-75.0,0.245031,248.033295,2.837877,124.233299,53
139,13821,52,-73.64,-73.64,0.245031,248.033295,2.837877,124.233299,53
140,13870,49,-94.1,-94.1,0.360611,248.82488,2.837877,124.744673,54
141,13902,32,-76.22,-76.22,0.360611,248.82488,2.837877,124.744673,54
142,13917,15,-75.0,-75.0,0.360611,248.82488,2.837877,124.744673,54
143,13955,38,-80.07,-80.07,0.360611,248.82488,2.837877,124.744673,54
144,14014,59,-83.98,-83.98,0.360611,248.82488,2.837877,124.744673,54
145,14029,15,-75.0,-75.0,0.360611,248.82488,2.837877,124.744673,54
146,14044,15,-75.0,-75.0,0.360611,248.82488,2.837877,124.744673,54
147,14087,43,-96.02,-96.02,0.226142,307.345598,2.837877,153.870562,55
148,14122,35,-85.96,-85.96,0.226142,307.345598,2.837877,153.870562,55
149,14160,38,-76.22,-76.22,0.226142,307.345598,2.837877,153.870562,55
150,14175,15,-75.0,-75.0,0.226142,307.345598,2.837877,153.870562,55
151,14190,15,-75.0,-75.0,0.226142,307.345598,2.837877,153.870562,55
152,14205,15,-75.0,-75.0,0.226142,307.345598,2.837877,153.870562,55
153,14230,25,-77.88,-77.88,0.226142,307.345598,2.837877,153.870562,55
154,14267,37,-80.39,-80.39,0.226142,307.345598,2.837877,153.870562,55
155,14301,34,-76.9,-76.9,0.226142,307.345598,2.837877,153.870562,55
156,14345,44,-85.94,-85.94,0.303503,327.081291,2.837877,163.815769,56
157,14385,40,-75.94,-75.94,0.303503,327.081291,2.837877,163.815769,56
158,14400,15,-75.0,-75.0,0.303503,327.081291,2.837877,163.815769,56
159,14415,15,-75.0,-75.0,0.303503,327.081291,2.837877,163.815769,56
160,14456,41,-75.41,-75.41,0.303503,327.081291,2.837877,163.815769,56
161,14492,36,-91.53,-91.53,0.303503,327.081291,2.837877,163.815769,56
162,14507,15,-75.0,-75.0,0.303503,327.081291,2.837877,163.815769,56
163,14545,38,-76.42,-76.42,0.303503,327.081291,2.837877,163.815769,56
164,14560,15,-75.0,-75.0,0.303503,327.081291,2.837877,163.815769,56
165,14593,33,-143.83,-143.83,0.254279,475.04455,2.837877,237.748175,57
166,14608,15,-75.0,-75.0,0.254279,475.04455,2.837877,237.748175,57
167,14693,85,-123.61,-123.61,0.254279,475.04455,2.837877,237.748175,57
168,14762,69,-106.08,-106.08,0.254279,475.04455,2.837877,237.748175,57
169,14811,49,-99.57,-99.57,0.254279,475.04455,2.837877,237.748175,57
170,14844,33,-76.74,-76.74,0.254279,475.04455,2.837877,237.748175,57
171,14871,27,-82.15,-82.15,0.290196,227.431337,2.837877,113.977486,58
172,14906,35,-75.71,-75.71,0.290196,227.431337,2.837877,113.977486,58
173,14921,15,-75.0,-75.0,0.290196,227.431337,2.837877,113.977486,58
174,14960,39,-76.6,-76.6,0.290196,227.431337,2.837877,113.977486,58
175,14998,38,-100.63,-100.63,0.290196,227.431337,2.837877,113.977486,58
176,15053,55,-114.84,-114.84,0.290196,227.431337,2.837877,113.977486,58
177,15068,15,-75.0,-75.0,0.290196,227.431337,2.837877,113.977486,58
178,15110,42,-136.55,-136.55,0.279219,389.548481,2.837877,195.025081,59
179,15215,105,-110.19,-110.19,0.279219,389.548481,2.837877,195.025081,59
180,15230,15,-75.0,-75.0,0.279219,389.548481,2.837877,195.025081,59
181,15313,83,-137.94,-137.94,0.279219,389.548481,2.837877,195.025081,59
182,15474,161,-111.2,-111.2,0.22175,179.770205,2.837877,90.078474,60
183,15489,15,-75.0,-75.0,0.22175,179.770205,2.837877,90.078474,60
184,15614,125,-198.02,-198.02,0.22175,179.770205,2.837877,90.078474,60
185,15629,15,-75.0,-75.0,0.290082,204.139961,2.837877,102.331684,61
186,15707,78,-137.33,-137.33,0.290082,204.139961,2.837877,102.331684,61
187,15749,42,-90.18,-90.18,0.290082,204.139961,2.837877,102.331684,61
188,15783,34,-76.46,-76.46,0.290082,204.139961,2.837877,102.331684,61
189,15839,56,-98.88,-98.88,0.290082,204.139961,2.837877,102.331684,61
190,15879,40,-91.51,-91.51,0.186134,259.57868,2.837877,129.947095,62
191,15984,105,-81.26,-81.26,0.186134,259.57868,2.837877,129.947095,62
192,16105,121,-128.49,-128.49,0.186134,259.57868,2.837877,129.947095,62
193,16221,116,-130.3,-130.3,0.220166,125.373046,2.837877,62.87831,63
194,16270,49,-78.72,-78.72,0.220166,125.373046,2.837877,62.87831,63
195,16318,48,-115.86,-115.86,0.220166,125.373046,2.837877,62.87831,63
196,16398,80,-119.43,-119.43,0.209684,134.061954,2.837877,67.212283,64
197,16413,15,-75.0,-75.0,0.209684,134.061954,2.837877,67.212283,64
198,16456,43,-89.87,-89.87,0.209684,134.061954,2.837877,67.212283,64
199,16489,33,-112.2,-112.2,0.209684,134.061954,2.837877,67.212283,64
200,16550,61,-73.78,-73.78,0.209684,134.061954,2.837877,67.212283,64
201,16609,59,-86.43,-86.43,0.209684,134.061954,2.837877,67.212283,64
202,16624,15,-75.0,-75.0,0.209684,134.061954,2.837877,67.212283,64
203,16941,317,-225.91,-225.91,0.328409,25.778236,2.837877,13.189148,66
204,17063,122,-171.75,-171.75,0.328409,25.778236,2.837877,13.189148,66
205,17118,55,-73.38,-73.38,0.328409,25.778236,2.837877,13.189148,66
206,17325,207,-200.55,-200.55,0.215964,168.097344,2.837877,84.236257,67
207,17640,315,-254.65,-254.65,0.238364,51.644942,2.837877,26.032456,68
208,17681,41,-142.05,-142.05,0.266151,82.972881,2.837877,41.724212,69
209,17721,40,-142.03,-142.03,0.266151,82.972881,2.837877,41.724212,69
210,17736,15,-75.0,-75.0,0.266151,82.972881,2.837877,41.724212,69
211,17761,25,-77.52,-77.52,0.266151,82.972881,2.837877,41.724212,69
212,17798,37,-86.57,-86.57,0.266151,82.972881,2.837877,41.724212,69
213,17839,41,-76.42,-76.42,0.266151,82.972881,2.837877,41.724212,69
214,17868,29,-77.86,-77.86,0.266151,82.972881,2.837877,41.724212,69
215,17909,41,-74.59,-74.59,0.266151,82.972881,2.837877,41.724212,69
216,17938,29,-81.76,-81.76,0.300188,368.905163,2.837877,184.724391,70
217,17968,30,-92.03,-92.03,0.300188,368.905163,2.837877,184.724391,70
218,17998,30,-97.12,-97.12,0.300188,368.905163,2.837877,184.724391,70
219,18050,52,-78.57,-78.57,0.300188,368.905163,2.837877,184.724391,70
220,18085,35,-76.37,-76.37,0.300188,368.905163,2.837877,184.724391,70
221,18113,28,-78.11,-78.11,0.300188,368.905163,2.837877,184.724391,70
222,18158,45,-75.05,-75.05,0.300188,368.905163,2.837877,184.724391,70
223,18184,26,-87.69,-87.69,0.280726,310.168294,2.837877,155.336494,71
224,18199,15,-75.0,-75.0,0.280726,310.168294,2.837877,155.336494,71
225,18226,27,-77.31,-77.31,0.280726,310.168294,2.837877,155.336494,71
226,18283,57,-75.22,-75.22,0.280726,310.168294,2.837877,155.336494,71
227,18298,15,-75.0,-75.0,0.280726,310.168294,2.837877,155.336494,71
228,18331,33,-76.83,-76.83,0.280726,310.168294,2.837877,155.336494,71
229,18382,51,-77.87,-77.87,0.280726,310.168294,2.837877,155.336494,71
230,18409,27,-77.13,-77.13,0.280726,310.168294,2.837877,155.336494,71
231,18438,29,-77.68,-77.68,0.271343,328.356344,2.837877,164.421136,72
232,18471,33,-76.63,-76.63,0.271343,328.356344,2.837877,164.421136,72
233,18500,29,-77.34,-77.34,0.271343,328.356344,2.837877,164.421136,72
234,18530,30,-81.55,-81.55,0.271343,328.356344,2.837877,164.421136,72
235,18572,42,-95.88,-95.88,0.271343,328.356344,2.837877,164.421136,72
236,18598,26,-87.72,-87.72,0.271343,328.356344,2.837877,164.421136,72
237,18660,62,-159.11,-159.11,0.271343,328.356344,2.837877,164.421136,72
238,18675,15,-75.0,-75.0,0.271343,328.356344,2.837877,164.421136,72
239,18710,35,-78.08,-78.08,0.258682,362.647024,2.837877,181.553815,73
240,18749,39,-75.82,-75.82,0.258682,362.647024,2.837877,181.553815,73
241,18794,45,-120.22,-120.22,0.258682,362.647024,2.837877,181.553815,73
242,18839,45,-80.03,-80.03,0.258682,362.647024,2.837877,181.553815,73
243,18854,15,-75.0,-75.0,0.258682,362.647024,2.837877,181.553815,73
244,18896,42,-75.85,-75.85,0.258682,362.647024,2.837877,181.553815,73
245,18911,15,-75.0,-75.0,0.258682,362.647024,2.837877,181.553815,73
246,18995,84,-106.61,-106.61,0.277147,276.977693,2.837877,138.737615,74
247,19040,45,-81.45,-81.45,0.277147,276.977693,2.837877,138.737615,74
248,19055,15,-75.0,-75.0,0.277147,276.977693,2.837877,138.737615,74
249,19096,41,-75.56,-75.56,0.277147,276.977693,2.837877,138.737615,74
250,19111,15,-75.0,-75.0,0.277147,276.977693,2.837877,138.737615,74
251,19160,49,-136.46,-136.46,0.277147,276.977693,2.837877,138.737615,74
252,19196,36,-75.65,-75.65,0.277147,276.977693,2.837877,138.737615,74
253,19211,15,-75.0,-75.0,0.252701,291.548654,2.837877,145.998649,75
254,19269,58,-89.1,-89.1,0.252701,291.548654,2.837877,145.998649,75
255,19306,37,-126.9,-126.9,0.252701,291.548654,2.837877,145.998649,75
256,19370,64,-123.39,-123.39,0.252701,291.548654,2.837877,145.998649,75
257,19412,42,-75.54,-75.54,0.252701,291.548654,2.837877,145.998649,75
258,19447,35,-76.91,-76.91,0.252701,291.548654,2.837877,145.998649,75
259,19504,57,-109.05,-109.05,0.315476,275.344005,2.837877,137.959099,76
260,19532,28,-87.12,-87.12,0.315476,275.344005,2.837877,137.959099,76
261,19574,42,-94.81,-94.81,0.315476,275.344005,2.837877,137.959099,76
262,19589,15,-75.0,-75.0,0.315476,275.344005,2.837877,137.959099,76
263,19617,28,-76.71,-76.71,0.315476,275.344005,2.837877,137.959099,76
264,19646,29,-77.3,-77.3,0.315476,275.344005,2.837877,137.959099,76
265,19679,33,-76.46,-76.46,0.315476,275.344005,2.837877,137.959099,76
266,19711,32,-77.18,-77.18,0.315476,275.344005,2.837877,137.959099,76
267,19726,15,-75.0,-75.0,0.252689,312.323837,2.837877,156.386229,77
268,19775,49,-104.08,-104.08,0.252689,312.323837,2.837877,156.386229,77
269,19816,41,-75.11,-75.11,0.252689,312.323837,2.837877,156.386229,77
270,19831,15,-75.0,-75.0,0.252689,312.323837,2.837877,156.386229,77
271,19846,15,-75.0,-75.0,0.252689,312.323837,2.837877,156.386229,77
272,19861,15,-75.0,-75.0,0.252689,312.323837,2.837877,156.386229,77
273,19928,67,-104.25,-104.25,0.252689,312.323837,2.837877,156.386229,77
274,19978,50,-87.04,-87.04,0.246154,268.17773,2.837877,134.30664,78
