timestep,update,progress,learning_rate,mean_reward,ep_len_mean,policy_loss,value_loss,entropy,clip_fraction,approx_kl,explained_variance,v_linear_mean,omega_angular_mean,crosstrack_error_m,heading_error_rad,n_collisions_per_ep,clip_range,gamma,lambda_gae,n_steps,batch_size,n_epochs,vf_coef,entropy_coef
2048,1,0.0103,0.00029691,-1.2549,80,0.055457,0.568479,0.541511,0.3392,0.027589,-0.0523,0.1297,-0.3641,0.3092,0.6284,3,0.2,0.99,0.95,2048,64,10,0.5,0.01
4096,2,0.0206,0.00029381,-3.5192,98,0.0389,0.414158,0.552437,0.3334,0.019729,-0.1,0.1107,-0.4094,0.2964,0.6333,1,0.2,0.99,0.95,2048,64,10,0.5,0.01
6144,3,0.0309,0.00029072,-2.901,84,0.040984,0.569948,0.531648,0.3109,0.023206,-0.1,0.0097,0.1523,0.2887,0.6179,6,0.2,0.99,0.95,2048,64,10,0.5,0.01
8192,4,0.0412,0.00028763,-3.5136,50,0.053779,0.443102,0.512393,0.3086,0.013148,-0.0562,0.1547,0.4115,0.3052,0.6176,0,0.2,0.99,0.95,2048,64,10,0.5,0.01
10240,5,0.0515,0.00028454,-3.2588,92,0.048415,0.511574,0.515218,0.3169,0.01298,-0.1,0.1807,0.5569,0.2899,0.6113,1,0.2,0.99,0.95,2048,64,10,0.5,0.01
12288,6,0.0619,0.00028144,-1.4579,152,0.043823,0.533928,0.488033,0.3315,0.018663,-0.0593,0.0161,0.061,0.2829,0.5873,2,0.2,0.99,0.95,2048,64,10,0.5,0.01
14336,7,0.0722,0.00027835,-2.3182,97,0.048295,0.506612,0.511094,0.316,0.024807,-0.0263,0.1517,-0.1993,0.2771,0.562,3,0.2,0.99,0.95,2048,64,10,0.5,0.01
16384,8,0.0825,0.00027526,-5.9828,125,0.038442,0.427361,0.507415,0.3011,0.018747,-0.1,0.1908,-0.5891,0.2742,0.5253,1,0.2,0.99,0.95,2048,64,10,0.5,0.01
18432,9,0.0928,0.00027216,-1.8465,105,0.03494,0.435235,0.502095,0.294,0.014528,-0.0376,0.1228,0.2058,0.2769,0.5254,3,0.2,0.99,0.95,2048,64,10,0.5,0.01
20480,10,0.1031,0.00026907,-0.3138,165,0.031878,0.432207,0.486883,0.3126,0.025668,0.0365,0.1075,0.0054,0.2706,0.5138,1,0.2,0.99,0.95,2048,64,10,0.5,0.01
22528,11,0.1134,0.00026598,-0.9887,122,0.035971,0.377513,0.482818,0.3002,0.022091,0.0284,0.2553,0.7765,0.2559,0.5241,4,0.2,0.99,0.95,2048,64,10,0.5,0.01
24576,12,0.1237,0.00026289,-0.8403,140,0.041545,0.432639,0.47422,0.2889,0.018078,-0.0244,0.1546,1.0298,0.2423,0.5316,2,0.2,0.99,0.95,2048,64,10,0.5,0.01
26624,13,0.134,0.00025979,-0.276,174,0.042489,0.45597,0.467044,0.2824,0.009508,-0.018,0.1215,0.4702,0.2616,0.5197,2,0.2,0.99,0.95,2048,64,10,0.5,0.01
28672,14,0.1443,0.0002567,-0.1825,114,0.026754,0.426792,0.468252,0.2891,0.018473,0.0263,0.0603,-0.4394,0.2403,0.5167,0,0.2,0.99,0.95,2048,64,10,0.5,0.01
30720,15,0.1546,0.00025361,0.1855,147,0.043,0.484636,0.467626,0.254,0.021147,0.0417,0.192,0.4389,0.2306,0.518,2,0.2,0.99,0.95,2048,64,10,0.5,0.01
32768,16,0.1649,0.00025052,0.2181,264,0.041659,0.447184,0.46975,0.2787,0.01404,0.0864,0.1294,-0.3769,0.2308,0.483,2,0.2,0.99,0.95,2048,64,10,0.5,0.01
34816,17,0.1753,0.00024742,-0.6308,156,0.026285,0.367674,0.470771,0.2639,0.018124,-0.0058,0.236,1.1297,0.2449,0.4892,2,0.2,0.99,0.95,2048,64,10,0.5,0.01
36864,18,0.1856,0.00024433,-0.6608,183,0.026572,0.372779,0.455235,0.2743,0.009139,0.0503,0.1137,-0.2178,0.2446,0.4721,1,0.2,0.99,0.95,2048,64,10,0.5,0.01
38912,19,0.1959,0.00024124,2.9466,193,0.0186,0.348496,0.457934,0.2386,0.017127,0.115,0.146,-0.412,0.1903,0.435,0,0.2,0.99,0.95,2048,64,10,0.5,0.01
40960,20,0.2062,0.00023814,-1.7273,127,0.048535,0.433151,0.439121,0.2393,0.014972,0.203,0.197,0.1745,0.2166,0.4485,3,0.2,0.99,0.95,2048,64,10,0.5,0.01
43008,21,0.2165,0.00023505,0.1952,234,0.039297,0.364905,0.439999,0.2424,0.012022,0.1052,0.1309,0.3698,0.2083,0.432,3,0.2,0.99,0.95,2048,64,10,0.5,0.01
45056,22,0.2268,0.00023196,0.4444,201,0.037284,0.320305,0.412988,0.2162,0.010886,0.1622,0.1347,0.6291,0.2065,0.4364,3,0.2,0.99,0.95,2048,64,10,0.5,0.01
47104,23,0.2371,0.00022887,1.1796,205,0.028408,0.319697,0.445305,0.258,0.005054,0.0911,0.0994,0.4733,0.2144,0.4368,1,0.2,0.99,0.95,2048,64,10,0.5,0.01
49152,24,0.2474,0.00022577,0.8944,183,0.009583,0.433497,0.418466,0.249,0.016868,0.1906,0.172,-0.165,0.2085,0.4332,0,0.2,0.99,0.95,2048,64,10,0.5,0.01
51200,25,0.2577,0.00022268,0.6967,146,0.022677,0.32901,0.420097,0.2587,0.017876,0.124,0.1143,-0.007,0.199,0.4026,0,0.2,0.99,0.95,2048,64,10,0.5,0.01
53248,26,0.268,0.00021959,3.244,215,0.034179,0.338913,0.39802,0.2086,0.011663,0.1641,0.2162,0.0249,0.2002,0.4021,1,0.2,0.99,0.95,2048,64,10,0.5,0.01
55296,27,0.2784,0.00021649,1.8113,252,0.040659,0.420142,0.40691,0.2415,0.005909,0.1897,0.1018,-0.0547,0.2023,0.3577,0,0.2,0.99,0.95,2048,64,10,0.5,0.01
57344,28,0.2887,0.0002134,2.6076,257,0.037574,0.295438,0.394634,0.2283,0.00637,0.2514,0.1487,0.3969,0.1713,0.4139,3,0.2,0.99,0.95,2048,64,10,0.5,0.01
59392,29,0.299,0.00021031,0.965,187,0.02755,0.321656,0.394769,0.2274,0.007434,0.162,0.2005,0.0392,0.1921,0.3575,1,0.2,0.99,0.95,2048,64,10,0.5,0.01
61440,30,0.3093,0.00020722,2.7991,187,0.042448,0.320191,0.406769,0.213,0.02288,0.2661,0.2259,-0.0788,0.1881,0.4006,1,0.2,0.99,0.95,2048,64,10,0.5,0.01
63488,31,0.3196,0.00020412,3.5526,161,0.014554,0.207622,0.38804,0.2227,0.019895,0.1913,0.1109,0.4995,0.1613,0.3655,2,0.2,0.99,0.95,2048,64,10,0.5,0.01
65536,32,0.3299,0.00020103,3.7104,175,0.024619,0.301067,0.375532,0.2148,0.01593,0.1824,0.1665,0.6111,0.1706,0.3507,0,0.2,0.99,0.95,2048,64,10,0.5,0.01
67584,33,0.3402,0.00019794,2.3228,199,0.02425,0.248393,0.376871,0.178,0.02183,0.2079,0.1958,-0.2017,0.1708,0.3494,2,0.2,0.99,0.95,2048,64,10,0.5,0.01
69632,34,0.3505,0.00019485,2.4074,190,0.048545,0.280013,0.372055,0.155,0.016079,0.1661,0.2361,0.008,0.1591,0.3492,0,0.2,0.99,0.95,2048,64,10,0.5,0.01
71680,35,0.3608,0.00019175,1.5542,237,0.016734,0.219901,0.367818,0.1742,0.020076,0.2688,0.2642,-0.0022,0.1666,0.3243,1,0.2,0.99,0.95,2048,64,10,0.5,0.01
73728,36,0.3711,0.00018866,2.1665,230,0.015045,0.217408,0.379558,0.231,0.004469,0.2622,0.1684,-0.171,0.1569,0.3183,0,0.2,0.99,0.95,2048,64,10,0.5,0.01
75776,37,0.3814,0.00018557,0.9475,260,0.027218,0.277906,0.368732,0.1954,0.007666,0.2167,0.2057,0.1346,0.1803,0.3622,0,0.2,0.99,0.95,2048,64,10,0.5,0.01
77824,38,0.3918,0.00018247,2.7036,261,0.015208,0.187578,0.346193,0.188,0.012411,0.2074,0.1149,0.1577,0.1564,0.2999,0,0.2,0.99,0.95,2048,64,10,0.5,0.01
79872,39,0.4021,0.00017938,3.2663,236,0.016354,0.311571,0.36969,0.1997,0.007326,0.3835,0.1489,-0.4239,0.1559,0.3203,0,0.2,0.99,0.95,2048,64,10,0.5,0.01
81920,40,0.4124,0.00017629,3.5779,248,0.033595,0.282082,0.358209,0.1733,0.008336,0.2495,0.182,0.0916,0.1544,0.3545,0,0.2,0.99,0.95,2048,64,10,0.5,0.01
83968,41,0.4227,0.0001732,3.3568,285,0.018969,0.33028,0.344321,0.1342,0.015867,0.2382,0.2065,-0.3557,0.1464,0.3241,0,0.2,0.99,0.95,2048,64,10,0.5,0.01
86016,42,0.433,0.0001701,3.9121,284,0.006246,0.318345,0.350768,0.1679,0.01361,0.4032,0.2207,0.0397,0.1416,0.2854,0,0.2,0.99,0.95,2048,64,10,0.5,0.01
88064,43,0.4433,0.00016701,5.1588,278,0.017127,0.298607,0.356596,0.1647,0.008149,0.2713,0.2595,0.204,0.1575,0.3174,0,0.2,0.99,0.95,2048,64,10,0.5,0.01
90112,44,0.4536,0.00016392,3.2036,233,0.002395,0.328006,0.346659,0.17,0.011528,0.252,0.2199,0.5018,0.1422,0.3067,2,0.2,0.99,0.95,2048,64,10,0.5,0.01
92160,45,0.4639,0.00016082,4.2252,240,0.006356,0.34366,0.338387,0.1706,0.009522,0.3566,0.2422,0.505,0.1327,0.2846,0,0.2,0.99,0.95,2048,64,10,0.5,0.01
94208,46,0.4742,0.00015773,3.1891,229,0.027599,0.249159,0.320126,0.1403,0.008141,0.4103,0.1434,-0.0501,0.1337,0.2769,0,0.2,0.99,0.95,2048,64,10,0.5,0.01
96256,47,0.4845,0.00015464,4.924,278,0.029776,0.149481,0.319374,0.1742,0.005673,0.3279,0.229,0.0001,0.1271,0.2806,1,0.2,0.99,0.95,2048,64,10,0.5,0.01
98304,48,0.4948,0.00015155,4.1966,292,0.044284,0.182661,0.339994,0.1083,0.001,0.2833,0.2339,-0.2135,0.1344,0.2679,1,0.2,0.99,0.95,2048,64,10,0.5,0.01
100352,49,0.5052,0.00014845,5.1499,252,0.014586,0.230885,0.327567,0.1438,0.008928,0.3561,0.1899,-0.1238,0.1302,0.2659,0,0.2,0.99,0.95,2048,64,10,0.5,0.01
102400,50,0.5155,0.00014536,3.8889,317,0.015431,0.212027,0.32647,0.1659,0.007426,0.4219,0.2597,-0.1842,0.1329,0.2578,0,0.2,0.99,0.95,2048,64,10,0.5,0.01
104448,51,0.5258,0.00014227,3.6821,353,0.005055,0.186411,0.329207,0.1198,0.012871,0.3025,0.1229,0.206,0.1073,0.2487,2,0.2,0.99,0.95,2048,64,10,0.5,0.01
106496,52,0.5361,0.00013918,4.5152,338,0.018256,0.231255,0.309142,0.1515,0.010489,0.297,0.2712,-0.216,0.1244,0.2517,1,0.2,0.99,0.95,2048,64,10,0.5,0.01
108544,53,0.5464,0.00013608,4.2812,286,0.018723,0.171388,0.31363,0.1165,0.013958,0.4154,0.2857,0.0398,0.1372,0.2715,0,0.2,0.99,0.95,2048,64,10,0.5,0.01
110592,54,0.5567,0.00013299,4.489,338,0.020258,0.09844,0.302876,0.1525,0.001505,0.4301,0.1993,-0.2295,0.1319,0.2294,0,0.2,0.99,0.95,2048,64,10,0.5,0.01
112640,55,0.567,0.0001299,4.1104,397,0.02102,0.222839,0.29462,0.1605,0.005666,0.4164,0.2369,0.3738,0.128,0.229,0,0.2,0.99,0.95,2048,64,10,0.5,0.01
114688,56,0.5773,0.0001268,4.6921,312,0.035509,0.207956,0.284511,0.1365,0.010911,0.4462,0.2908,-0.154,0.0969,0.262,0,0.2,0.99,0.95,2048,64,10,0.5,0.01
116736,57,0.5876,0.00012371,4.5819,345,0.017214,0.140325,0.300818,0.1548,0.011083,0.4829,0.2699,0.1144,0.1119,0.202,0,0.2,0.99,0.95,2048,64,10,0.5,0.01
118784,58,0.5979,0.00012062,5.0454,335,0.019588,0.193251,0.30527,0.1391,0.005829,0.4825,0.2745,-0.187,0.1003,0.257,0,0.2,0.99,0.95,2048,64,10,0.5,0.01
120832,59,0.6082,0.00011753,4.5598,322,0.029283,0.210613,0.301298,0.1092,0.009367,0.4919,0.3053,0.0106,0.1037,0.2559,0,0.2,0.99,0.95,2048,64,10,0.5,0.01
122880,60,0.6186,0.00011443,5.1301,349,0.002307,0.109774,0.27929,0.1529,0.006406,0.4165,0.2021,-0.1258,0.0877,0.2,0,0.2,0.99,0.95,2048,64,10,0.5,0.01
124928,61,0.6289,0.00011134,5.1794,337,0.01372,0.228412,0.273863,0.1429,0.008619,0.4906,0.38,0.0351,0.0989,0.21,0,0.2,0.99,0.95,2048,64,10,0.5,0.01
126976,62,0.6392,0.00010825,4.9819,329,0.008965,0.183278,0.278466,0.1101,0.011647,0.5277,0.241,0.0404,0.0965,0.203,0,0.2,0.99,0.95,2048,64,10,0.5,0.01
129024,63,0.6495,0.00010515,5.495,406,0.007513,0.169357,0.282203,0.1385,0.010842,0.585,0.2225,-0.0202,0.0881,0.1991,0,0.2,0.99,0.95,2048,64,10,0.5,0.01
131072,64,0.6598,0.00010206,4.3178,356,0.02031,0.132804,0.241717,0.1128,0.013462,0.511,0.2084,0.1463,0.0838,0.2196,1,0.2,0.99,0.95,2048,64,10,0.5,0.01
133120,65,0.6701,9.897e-05,5.2218,374,0.017146,0.218744,0.278764,0.1457,0.012362,0.5797,0.2916,-0.0696,0.0948,0.1904,0,0.2,0.99,0.95,2048,64,10,0.5,0.01
135168,66,0.6804,9.588e-05,4.9567,353,0.01311,0.244109,0.2729,0.1279,0.001,0.5497,0.3783,0.0671,0.0939,0.2083,0,0.2,0.99,0.95,2048,64,10,0.5,0.01
137216,67,0.6907,9.278e-05,5.0584,371,0.024651,0.105346,0.270027,0.1335,0.006165,0.5014,0.2814,-0.0366,0.0773,0.22,0,0.2,0.99,0.95,2048,64,10,0.5,0.01
139264,68,0.701,8.969e-05,4.5269,385,0.02796,0.171411,0.260036,0.1614,0.001,0.421,0.2502,0.043,0.0836,0.2118,0,0.2,0.99,0.95,2048,64,10,0.5,0.01
141312,69,0.7113,8.66e-05,5.3843,418,0.009829,0.11467,0.261792,0.135,0.001,0.6232,0.2675,0.085,0.0852,0.1813,0,0.2,0.99,0.95,2048,64,10,0.5,0.01
143360,70,0.7216,8.351e-05,4.2147,426,0.010986,0.225243,0.263747,0.13,0.009624,0.5719,0.3469,0.059,0.0928,0.2059,0,0.2,0.99,0.95,2048,64,10,0.5,0.01
145408,71,0.732,8.041e-05,4.3421,385,0.015316,0.128909,0.244151,0.1131,0.002967,0.558,0.3112,-0.1416,0.0831,0.2087,0,0.2,0.99,0.95,2048,64,10,0.5,0.01
147456,72,0.7423,7.732e-05,4.6483,319,0.004509,0.202241,0.263038,0.1265,0.001734,0.5657,0.2276,-0.0003,0.103,0.2035,0,0.2,0.99,0.95,2048,64,10,0.5,0.01
149504,73,0.7526,7.423e-05,4.4533,397,0.008407,0.157393,0.250867,0.102,0.007445,0.5242,0.3193,0.0827,0.0817,0.1743,0,0.2,0.99,0.95,2048,64,10,0.5,0.01
151552,74,0.7629,7.113e-05,5.6082,428,0.011469,0.126872,0.257148,0.1231,0.010845,0.6184,0.264,0.0851,0.0984,0.1844,0,0.2,0.99,0.95,2048,64,10,0.5,0.01
153600,75,0.7732,6.804e-05,5.1262,470,0.006956,0.167003,0.237389,0.1033,0.009364,0.6523,0.2885,0.2332,0.0746,0.1929,2,0.2,0.99,0.95,2048,64,10,0.5,0.01
155648,76,0.7835,6.495e-05,5.2493,378,0.00786,0.07094,0.249266,0.1255,0.003759,0.6839,0.2227,-0.0935,0.0848,0.1961,0,0.2,0.99,0.95,2048,64,10,0.5,0.01
157696,77,0.7938,6.186e-05,4.9069,466,0.006109,0.123362,0.250878,0.1149,0.008744,0.5517,0.3373,0.1018,0.0853,0.1589,1,0.2,0.99,0.95,2048,64,10,0.5,0.01
159744,78,0.8041,5.876e-05,5.1385,408,0.006493,0.147147,0.238934,0.1313,0.005185,0.6355,0.317,-0.0828,0.0838,0.1684,0,0.2,0.99,0.95,2048,64,10,0.5,0.01
161792,79,0.8144,5.567e-05,4.3463,456,0.005131,0.164697,0.23769,0.1184,0.006279,0.5688,0.2789,0.0692,0.0633,0.1591,0,0.2,0.99,0.95,2048,64,10,0.5,0.01
163840,80,0.8247,5.258e-05,4.5914,442,0.018078,0.206235,0.247991,0.1059,0.007618,0.7072,0.3252,-0.0204,0.0744,0.1543,0,0.2,0.99,0.95,2048,64,10,0.5,0.01
165888,81,0.8351,4.948e-05,5.3915,432,0.016738,0.138848,0.234347,0.0665,0.010297,0.6689,0.164,0.0652,0.0974,0.1601,0,0.2,0.99,0.95,2048,64,10,0.5,0.01
167936,82,0.8454,4.639e-05,4.5754,454,0.011985,0.108155,0.242035,0.102,0.008364,0.615,0.4115,-0.002,0.0849,0.1668,0,0.2,0.99,0.95,2048,64,10,0.5,0.01
169984,83,0.8557,4.33e-05,5.6145,474,0.015418,0.081382,0.245409,0.0813,0.007054,0.6324,0.3304,-0.0039,0.0774,0.1668,0,0.2,0.99,0.95,2048,64,10,0.5,0.01
172032,84,0.866,4.021e-05,5.3609,454,0.008001,0.08972,0.237342,0.1145,0.009064,0.7112,0.3034,0.0768,0.0743,0.1356,0,0.2,0.99,0.95,2048,64,10,0.5,0.01
174080,85,0.8763,3.711e-05,4.5476,404,0.024611,0.091965,0.214785,0.0589,0.002178,0.6225,0.3696,0.0948,0.0651,0.199,0,0.2,0.99,0.95,2048,64,10,0.5,0.01
176128,86,0.8866,3.402e-05,5.1423,486,0.003947,0.131255,0.210983,0.0703,0.012517,0.6067,0.3579,0.1303,0.0777,0.1634,0,0.2,0.99,0.95,2048,64,10,0.5,0.01
178176,87,0.8969,3.093e-05,5.5093,465,0.009358,0.127093,0.212889,0.0943,0.003256,0.7023,0.269,-0.0536,0.0717,0.1776,0,0.2,0.99,0.95,2048,64,10,0.5,0.01
180224,88,0.9072,2.784e-05,5.9041,484,0.002113,0.048884,0.216991,0.0957,0.001,0.744,0.3379,0.0972,0.0705,0.129,0,0.2,0.99,0.95,2048,64,10,0.5,0.01
182272,89,0.9175,2.474e-05,5.154,481,0.010219,0.194464,0.217516,0.0893,0.005662,0.7529,0.3314,0.0025,0.0609,0.1325,0,0.2,0.99,0.95,2048,64,10,0.5,0.01
184320,90,0.9278,2.165e-05,5.7556,460,0.005064,0.161888,0.221691,0.0829,0.008987,0.707,0.2905,0.091,0.0693,0.1282,0,0.2,0.99,0.95,2048,64,10,0.5,0.01
186368,91,0.9381,1.856e-05,4.6041,483,0.013996,0.143102,0.210348,0.0934,0.005116,0.737,0.4451,0.0482,0.0604,0.1145,0,0.2,0.99,0.95,2048,64,10,0.5,0.01
188416,92,0.9485,1.546e-05,5.3721,478,0.011647,0.081918,0.19585,0.0567,0.009703,0.8088,0.3104,0.0151,0.0488,0.1513,0,0.2,0.99,0.95,2048,64,10,0.5,0.01
190464,93,0.9588,1.237e-05,4.9411,452,0.001,0.057487,0.208578,0.0787,0.005916,0.6851,0.3814,0.0165,0.0442,0.1457,0,0.2,0.99,0.95,2048,64,10,0.5,0.01
192512,94,0.9691,9.28e-06,5.5964,500,0.004594,0.203204,0.207256,0.0796,0.001,0.8036,0.3463,-0.0457,0.079,0.1302,0,0.2,0.99,0.95,2048,64,10,0.5,0.01
194560,95,0.9794,6.19e-06,5.8116,500,0.003871,0.099249,0.216501,0.0951,0.016199,0.8011,0.3294,0.0096,0.0636,0.1316,0,0.2,0.99,0.95,2048,64,10,0.5,0.01
196608,96,0.9897,3.09e-06,4.7477,468,0.001,0.10136,0.203344,0.1056,0.001,0.7107,0.2909,0.1078,0.0698,0.1335,0,0.2,0.99,0.95,2048,64,10,0.5,0.01
198656,97,1.0,0.0,5.3409,497,0.015958,0.097051,0.203271,0.097,0.001122,0.8496,0.3122,-0.0087,0.066,0.1132,0,0.2,0.99,0.95,2048,64,10,0.5,0.01
